B01_20190606,B02_20190606,B03_20190606,B04_20190606,B05_20190606,B06_20190606,B07_20190606,B08_20190606,B8A_20190606,B09_20190606,B11_20190606,B12_20190606,B01_20190701,B02_20190701,B03_20190701,B04_20190701,B05_20190701,B06_20190701,B07_20190701,B08_20190701,B8A_20190701,B09_20190701,B11_20190701,B12_20190701,B01_20190706,B02_20190706,B03_20190706,B04_20190706,B05_20190706,B06_20190706,B07_20190706,B08_20190706,B8A_20190706,B09_20190706,B11_20190706,B12_20190706,B01_20190711,B02_20190711,B03_20190711,B04_20190711,B05_20190711,B06_20190711,B07_20190711,B08_20190711,B8A_20190711,B09_20190711,B11_20190711,B12_20190711,B01_20190721,B02_20190721,B03_20190721,B04_20190721,B05_20190721,B06_20190721,B07_20190721,B08_20190721,B8A_20190721,B09_20190721,B11_20190721,B12_20190721,B01_20190805,B02_20190805,B03_20190805,B04_20190805,B05_20190805,B06_20190805,B07_20190805,B08_20190805,B8A_20190805,B09_20190805,B11_20190805,B12_20190805,B01_20190815,B02_20190815,B03_20190815,B04_20190815,B05_20190815,B06_20190815,B07_20190815,B08_20190815,B8A_20190815,B09_20190815,B11_20190815,B12_20190815,B01_20190825,B02_20190825,B03_20190825,B04_20190825,B05_20190825,B06_20190825,B07_20190825,B08_20190825,B8A_20190825,B09_20190825,B11_20190825,B12_20190825,B01_20190909,B02_20190909,B03_20190909,B04_20190909,B05_20190909,B06_20190909,B07_20190909,B08_20190909,B8A_20190909,B09_20190909,B11_20190909,B12_20190909,B01_20190919,B02_20190919,B03_20190919,B04_20190919,B05_20190919,B06_20190919,B07_20190919,B08_20190919,B8A_20190919,B09_20190919,B11_20190919,B12_20190919,B01_20190924,B02_20190924,B03_20190924,B04_20190924,B05_20190924,B06_20190924,B07_20190924,B08_20190924,B8A_20190924,B09_20190924,B11_20190924,B12_20190924,B01_20191004,B02_20191004,B03_20191004,B04_20191004,B05_20191004,B06_20191004,B07_20191004,B08_20191004,B8A_20191004,B09_20191004,B11_20191004,B12_20191004,B01_20191103,B02_20191103,B03_20191103,B04_20191103,B05_20191103,B06_20191103,B07_20191103,B08_20191103,B8A_20191103,B09_20191103,B11_20191103,B12_20191103,NDVI_20190606,NDVI_20190701,NDVI_20190706,NDVI_20190711,NDVI_20190721,NDVI_20190805,NDVI_20190815,NDVI_20190825,NDVI_20190909,NDVI_20190919,NDVI_20190924,NDVI_20191004,NDVI_20191103,true_label
0.3268067222142065,0.3831100692034384,0.3973767508122125,0.35590364454894174,0.34854850138620336,0.3614378669462634,0.34046058125902906,0.32314287773137007,0.33419875124084547,-0.08394370546056436,0.35378617311242055,0.3848255642404913,-0.5049910522333922,0.405743740906596,0.9633407245160153,0.1622047566978515,0.4830215733178599,0.02995077325260729,0.009761448494027594,0.46172327917612843,0.2939983182757618,-0.10155361672396931,-0.9145621069964883,-0.7349228401583747,-0.22938828785234044,0.2419829554906885,0.6694394619286831,0.19056542714952338,0.4423084079058149,0.047399780229094295,-0.03125581905203741,0.5486145184771605,0.2581575922215997,-0.15042308213111052,-0.7608046068799925,-0.7459498969962745,-0.33199795532289694,-0.25042591942806114,-0.13953977711181612,-0.19952188738902712,-0.12076453858658073,-0.1039647131226033,-0.03905446693272039,0.17551737086398383,0.10779973984690717,-0.21608261798426853,-0.5416046615690094,-0.6323778818536976,-0.23487928821964293,-0.12033026378434093,-0.1456950145537506,0.1025161015070569,-0.1323387317948298,-0.851015445476047,-0.8741366281338381,-0.7897418003536749,-0.8253881650798796,-0.5005983026854732,0.20943401662252195,0.4114101685238642,1.6861139141365558,1.9064246860407084,1.82620459047313,1.7572072595287542,1.720880238038384,1.584838094914941,1.4872880841294498,1.6814920002111367,1.3884251789938429,2.3797496946304793,1.2003940873665617,1.3510924561502546,-0.15645709424709142,3.951927677800556e-05,-0.22591504463508413,0.2527111776438055,-0.3299656294466424,-1.1550220761230674,-1.1330047688611167,-1.1152302120333946,-1.0391287550563963,-0.9962277165237973,-0.23236986537940932,-0.21076323621424461,-0.09769309055455401,0.1398840109460418,0.0842072570864975,0.20665491133423072,-0.12414495125009045,-0.4873844461453326,-0.5276723967906806,-0.5336999405897013,-0.43279837328137166,-0.2763529583512275,0.17487834111886302,0.14639830667754922,-0.2885933911922241,-0.16954678462387648,-0.11539908802320416,-0.04347771389782335,-0.1182716662561721,0.024157433661598633,0.10938776948416482,0.03988595635573288,0.23403609114758245,0.25239038318565243,0.49443509040454353,0.5308510932512192,-0.5717870567037616,-0.7588824863554727,-1.049390282780178,-0.7991971280720971,-1.3492557166861245,-0.634140321232458,-0.42555047888765885,-0.5292272492152454,-0.41364352783311237,-0.22195995970292842,-0.6179125327239464,-0.5436777848833936,-0.14466717067490614,-0.4726048838415475,-0.828623259525346,-0.6773603968777797,-1.2029179411787183,-0.6665996842683394,-0.36720720311739985,-0.4524343142200509,-0.2809743899461416,-0.14781020264026307,-0.3587417419023905,-0.3170429606721245,-0.22727560233736493,-0.35433813663793123,-0.48455065013032045,-0.6151807741991931,-0.7554771361600533,-0.3009737368596879,-0.007691682507139458,-0.06933784217477316,0.03663442141958338,0.05983863947872983,-0.554871273163699,-0.6584920862629113,-0.3332576523453883,-0.3450838464224621,-0.3767536537502907,-0.36600447222300064,-0.4154126282217197,-0.4366626061214218,-0.4179361358505628,-0.4696681375181944,-0.3890978939626467,-0.2629924533614441,-0.38053650835571956,-0.42831694941058346,-0.5389387610354996,0.034244702096782216,0.0060134308962558804,0.2603201605432857,-0.8207755861642142,-1.5476064835895524,-1.1027955432192527,-0.5520406799130465,0.008646334421023907,0.5171781147566681,0.4510019659557707,0.9918950286239774,0.46992007586771917,Maize
2.9977894806891214,2.4853847825730933,2.646549653404955,2.7744602189410514,2.8631094593253774,2.5434877973319248,2.132105828237571,1.9715982691395868,1.9856183085387302,3.2412259730394317,2.332799417961706,2.2751823290081847,0.245782905156618,2.027896793644646,1.7862289604589405,2.4899838184796437,2.0838863594782686,-0.18179458939926713,-0.3318905283320941,-0.24162871157959886,-0.30769617685114325,-0.4161822802009002,1.9288447685554722,2.490901518888957,-0.04200460352096235,0.9526039978006571,0.9508038728064026,1.8178144694608884,1.3641091916830124,-0.5158799231170561,-0.6340412425003261,-0.5280972983618795,-0.6153872046517601,-0.4427061099366968,1.599547425636965,1.908597997334063,-0.31467607502848727,-0.03593372138520099,0.04182401630924319,0.5204014771752624,0.35727133552929163,-0.17031910950168308,-0.17608213811961582,-0.18009990518470131,-0.15726041749315203,-0.24895233153823654,0.9769590883074546,1.3148676290269001,-0.40236390912656905,-0.1153634400471297,-0.023339197251923873,0.4835577593329066,0.28152514610661805,-0.1409207952504404,-0.1307358633556614,-0.04767981273100397,-0.07801229890733362,-0.24545844884470672,0.9489622669822149,1.3822049523168332,1.115836686269938,1.337218849105472,1.212053531491143,1.123903288702339,1.0009581456964234,0.8392054604220565,0.7976757634488203,0.9068592671719367,0.6541396235471473,0.41084443761446043,0.04652694149341545,-0.09235901692749683,-0.40686394242932544,-0.11713272219904039,-0.0640009209741457,0.23848037538598746,0.07563132286868449,0.05090380854121441,0.05485477626356889,0.19680664938247613,0.13574975618107313,0.13996992248578802,-0.18108931529590283,-0.21868568135517882,-0.2621962567102499,0.3647144608987851,0.5461563296951367,1.037087430135363,0.835500251597446,0.5910451902855415,0.5214034137588168,0.6769220727386389,0.5689300982777828,0.39200169128720913,0.7700193603371324,0.9105088772071832,-0.2557336501538227,0.0720720753544833,0.26602485726526487,0.5971445995557039,0.696456805017936,0.8414994294774073,0.9749351382009523,1.0518558261265263,1.076080271355194,0.5584703294932251,1.1735865052811703,1.3611485639279013,-1.0405933761637636,0.049530188578620675,0.12370407864614512,0.187206709605735,0.44090209639714967,0.5180965787541224,0.5583167033696907,0.5860414928924184,0.5622734320845156,0.570972939884212,-0.11921621921946261,-0.16213640954254488,-0.6297910062295647,0.5452560709762745,0.7021556744968582,0.5856910318644524,0.8972036242373324,1.2175291270574804,1.125076886656117,1.222972707829899,1.1523910279986673,0.8467397191223414,0.6284755828981301,0.4876410480881703,-0.2287384009637605,-0.006988418444109988,0.13755641621119544,0.25113070711829294,0.41859069391332104,0.7375662322901722,0.6916945538798976,0.9043782323013178,0.8012533814320012,0.3751257660885631,0.4903085321298285,0.43021806205798097,-0.3090750685140818,-0.25229100201796,-0.24333050284698457,-0.03565592411890594,-0.11074477030726948,-0.32833599304875993,-0.38417979031802457,-0.3627843570718457,-0.3258301859514425,-0.27135443879780957,0.1924275897302147,0.20952435489046878,-1.9981167564034,-1.9163064651024064,-1.7477655405905261,-1.0522489953991503,-0.9446996207986935,-1.546922043365715,-0.18180037045817737,-0.6854900763128458,-0.3017762152993483,0.12184349795209896,-0.05147331901675009,-0.07161120801481875,-0.6325825983427239,Cassava
1.674102046307055,1.234497335470416,1.0865227638202426,1.136998036332879,1.0758144856354486,0.7855748009711778,0.773565160902928,0.4870787251433157,0.8348799484887808,2.056982893145738,0.8745618930977298,1.559208651391496,0.1830483999598887,-0.016712043705375275,-0.5980410508563412,0.28190680901390164,-0.17734466873378102,-1.1400357391553901,-1.1962334604246794,-1.525530660989914,-1.164157192337549,-1.1010101646393604,0.14469637041003194,0.34004898005458817,0.0520849360212109,-0.27136277054436575,-0.4612799884231428,0.12186400026322734,-0.30798370209870163,-1.1898544178419628,-1.175005947524138,-1.4788709585062123,-1.329261675129953,-1.0766903323689083,-0.4405355041020475,-0.20548608732987347,-0.30744576864623613,-0.32880303393688737,-0.2837147334787386,-0.100600769702327,-0.24535272708067268,-0.5871936185497963,-0.6744456505272001,-0.6298510088230634,-0.7430535821844038,-0.3187349932181602,-0.15637329862200935,-0.12585510802746008,-0.34065480046551594,-0.362064882951938,-0.3412473281255802,-0.16982950025835608,-0.32181061865454347,-0.4305192007337888,-0.4505323233171847,-0.4924335280820405,-0.48775027213663125,-0.3758565819494688,-0.060435407101777194,-0.02409627246135436,-0.5081311119211273,-0.49907456915442916,-0.4777832789355794,-0.43923463806943625,-0.4249739038670839,-0.3955370577061353,-0.3418667222826835,-0.3932436136703533,-0.3264043268004742,-0.40481270563595134,-0.10239917958117621,-0.19811667168406694,-0.318874837757933,-0.4042518436335894,-0.49489633627661145,-0.27696093360327795,-0.7027685914421177,-1.0300442287927984,-0.9997085511364713,-1.1497964085416919,-1.1009759168660898,-1.001314953284118,-0.8396850679047371,-0.7109222932063763,0.001735351441317571,-0.22207711260895896,-0.18916706205426925,-0.11683510966015193,-0.16290166188801652,-0.03645129717672569,-0.03752727737928706,-0.25794116100868425,-0.21360043147112046,-0.30532426837526633,-0.36379748843757453,-0.3170091211881235,-0.349246574205928,-0.4859189114569499,-0.4696288013489273,-0.6054981611308136,-0.5272433380678365,-0.2946687968488479,-0.2668569943404956,-0.49375345771810386,-0.3635893025550173,-0.42605939127450954,-0.8942748908841592,-0.9685784219518383,0.21948431974241936,-0.553453575049381,0.007583459850179836,-0.4813276876608933,-0.026770320405244484,0.7952641780639721,0.7650537392399508,0.92840288047917,0.5913348413854991,0.46502818833719994,-0.06835273449682536,-0.20119659824440175,-0.45778168946353814,-1.0122105349444435,-0.43081758442209783,-0.8951741821111004,-0.4862301602617069,0.9154127886126416,0.9117001491649871,1.207177780468821,0.7947040111501551,0.559484325315885,-0.8057862296263824,-0.830166377704376,-0.1619397360463835,-0.24951233289786165,-0.0842663279366499,-0.23614229494459335,-0.16644506576847926,0.4059020562034663,0.5239339217887355,0.4790645975365697,0.36807910320409815,0.20030029643673883,-0.20334805435308964,-0.19877235681727792,-0.2705462505129881,-0.3075475494928416,-0.2754799980110132,-0.2944827235713522,-0.28326337639714977,-0.025997437749947307,0.06848101550707994,0.12427015870719915,0.06431305938636873,-0.0732931250199099,-0.16592423785915844,-0.24801792871225048,-1.3459754086694142,-0.8336261409771856,-0.6879391152143471,-0.30378515725220046,-0.12622122509312517,0.29376639999385556,-0.4246746324678976,-0.02492499232618024,0.7000347155216842,0.8072381933140848,1.1526041633627575,0.5107873512951967,0.5537668752797974,Cassava
0.2545033425971521,-0.15655100041645917,-0.07443119706486194,0.1535412252795619,0.22878849070574095,0.12026418028209208,0.02345776631793576,-0.18462702823302884,-0.07228333696673232,-0.34107042011480676,0.043043339941647774,0.019472336978282163,0.21143341324369674,-0.5251560684084956,-0.6413418257866517,0.431117892810663,0.42573725638972154,-0.004127712232781323,-0.3048171176112638,-0.9364330777652674,-0.650999748104717,-1.2681306377580683,0.4215480516472281,0.5071247128919361,0.09138844045235991,-0.2936583432505966,-0.6083918468636049,0.38939971620884206,0.36975569355000737,-0.6151736263942694,-0.8196274560887284,-1.405188011438952,-0.9877762529703012,-1.4518538342963065,0.2424681427400451,0.44297786321512844,-0.24296340535128236,-0.3596502960308804,-0.4274782358952345,-0.19752237479404955,-0.15424036461500107,-0.37597096484574766,-0.5353856327677294,-0.7607126393893417,-0.7351102221190209,-0.5855670754055882,0.11329108711349062,0.10424347351522993,0.36688110207558766,0.5112995086658476,0.27305266332228467,0.35070947631383914,0.21534451701717985,-0.2866277823265264,-0.44210879799123776,-0.42132641381692404,-0.61009061576727,-0.5186402068273642,-0.10430045582701394,0.08109504242089424,-0.5825118810867312,-0.5867609601851786,-0.5877763041584159,-0.5888155105771297,-0.5595225234853766,-0.5399149173998963,-0.5602727204624564,-0.6310560923593522,-0.5777906474097716,-0.62687338234147,-0.6310030655249247,-0.6836714541479615,0.5765728562736026,0.272786751488847,0.17123179294796034,0.376643456788435,0.8206977739739977,1.039423777962209,0.980503776733743,0.59594435124109,0.7550728137234736,0.06025000461987353,1.066661105094328,0.9329561888964885,-0.3214934241530821,-0.6266794105714965,-0.7577527874414478,-0.7267683342109585,-0.4349691338537297,-0.26557765879185136,-0.3189541846460549,-0.49189531278263515,-0.4807541346759785,-1.383360327570604,-0.8105976706578207,-0.7665768185434585,-0.2716894406509374,-0.44176384461090024,-0.5160689633376319,-0.6998854823317173,-0.4769001109094899,0.16704555370950283,0.060420796825779916,-0.1345738193792046,-0.15069098966817254,-0.6855967215630272,-0.9102493471627566,-1.0596629405213431,-1.081519174420624,-1.014271427796284,-0.9338375621763307,-1.3438691112501966,-0.5165693150921465,1.0919550403870197,0.9814551135159217,0.8641427617878998,0.5588211440651601,-0.7466547328331401,-0.9816106380288742,-1.0329652898040218,-1.3688237721773635,-1.4007412810414346,-1.1693188779247892,-1.4818246160679467,-0.5356613479783497,1.118721753315269,0.9624698815848851,1.0111805698042655,0.6374833265222504,-0.5187231289660972,-1.3009264464940111,-1.3899993296482571,-0.2894872072349439,-0.31892007589453536,-0.2952548173027525,-0.4865929965376751,-0.12251380625868334,0.8946146523439845,0.8763092210607417,0.6169808598537574,0.6584662944548485,0.0929102589275138,-0.5808189472972229,-0.7643528508099463,-0.31542173875764407,-0.33653458869093755,-0.32707608144864597,-0.4088804871978778,-0.25671719537375537,0.20519734888140603,0.3412268064080051,0.36428986208167613,0.27699091264464526,-0.03592469859024322,-0.3181815908765549,-0.43458218531794235,-0.5195724684881796,-0.6975615514993283,-0.924554067735676,-0.19267075969014946,-0.9817193638663193,0.7981357691267061,-0.11468466669353611,0.6049759680463455,1.1150102516590126,1.5610913508834348,1.6552438639726832,0.9831134218842249,1.0516726061646686,Cassava
0.79349612844585,0.6206730792380826,0.6933107309767685,0.896880527646927,0.8281469938221961,0.7934522898456607,0.7691864296944628,0.7576788294035801,0.7575968585559839,0.0913200466050726,0.8984007014988308,0.7721610506634485,-0.03592511746218466,0.09538579381659638,-0.09492757219821625,0.5245923946538888,0.18083403808339382,-0.7186436884564434,-0.8519547528398772,-1.0065116045495834,-0.8766634869032085,-0.28928080696496106,0.4534790038766391,0.5846274698653842,-0.14162634349671976,-0.0497995056327149,-0.3181986713627409,0.24866482998088427,-0.039861345470711136,-1.1823963764886711,-1.3173639032091915,-1.4117508953502873,-1.0510891829037616,-0.2684917949321423,0.034183312611577664,0.0479598083481519,-0.2941656652898981,-0.21734544889723995,-0.20196049602849145,0.09653907575213329,-0.04728979498149602,-0.23503154485941924,-0.20061132709234744,-0.32628631718451795,-0.24695282606881733,-0.0825155791997645,0.44711128937933037,0.35689745572436066,-0.19792267795819946,-0.051231846564528775,-0.02234077992891741,0.2739882555537278,0.03885312657193601,-0.17915760441440623,-0.1845659462291545,-0.2620537494178888,-0.24092622319776538,-0.08331764066140905,0.3233394797449688,0.48534264750623896,0.6766504826462605,0.5487187901355034,0.49291726980839495,0.4566490482525856,0.4294342376168746,0.2463147354749489,0.1763397944501807,0.16852471156071594,0.10342875727792462,0.7605747062459036,0.18871138732167966,0.3072828250021571,-0.3832278172950476,-0.1651725760447501,-0.1576393068256956,-0.0705595471637897,-0.09803134219048137,0.18628720346741762,0.1319812615945683,0.026646425772612666,0.22378590479899066,0.3890509547128664,-0.2949477878483379,-0.44836448196425077,-0.2659314797902015,0.16241332966322927,0.19521775714049774,0.5182938675407074,0.17266029510826394,0.212123559396305,0.1067108772556338,0.03587348303788157,0.23009407694217526,0.6679327158204882,0.10268721006391508,0.22450125390758832,-0.2650589207349232,-0.005204876758956298,0.07537825784953305,0.32041525384610836,0.21758917456836038,0.2709115617839703,0.28801833731439985,0.3123268659894205,0.39714313501032955,0.4041951122349755,0.4364975147917494,0.5354883772160414,-0.0009132266395378089,0.7231898700241725,0.6833128558632957,0.8416148096074672,0.6086881531114137,0.1004852841495514,-0.061257893507661476,0.08842952907182253,0.16975850378846188,0.5956477914003492,0.5245710546608937,0.5630616827367695,-0.0786709107977687,1.078899716738914,0.9257304610138128,1.2646920801234265,0.8222135044990787,-0.43877112825767317,-0.5540320814924246,-0.4627287111254673,-0.38126777886451535,-0.03692545362246031,0.6897510983942466,0.8531918233562096,-0.1089446517343826,0.1673692397614565,0.24250010570344377,0.6347185554155905,0.45148990166477954,0.052130708605355035,-0.028262133957218848,-0.03885483900393381,0.014099985460768094,0.033399829743033994,0.8590880587910591,1.0820950874378277,-0.3073441511043942,-0.2669139325654471,-0.22758431685453165,-0.1826397613578342,-0.12528105883801394,-0.07290162654345944,-0.07928928043348768,-0.013845199271151444,0.004416493090187819,-0.1122886197780398,0.11918319194469068,0.05320981491458868,-0.9632591527540058,-0.8075902158937823,-0.7867298798694947,-0.4822579850233798,-0.7580214901756875,-1.4354449762323491,0.08099582811834694,-0.5431754495572776,-0.37665238946064405,-0.6285700686082363,-1.2188644587109143,-1.057625336474572,0.10357116627541098,Common Bean
-0.333736826377509,-0.2611329787792383,-0.23551594591553526,-0.121766284027485,-0.29746945148441967,-0.8833164230208945,-1.0282998892044477,-0.8709135635948101,-1.043462240827696,-0.6414125574018319,-0.4817337154594965,-0.39428265303503185,1.3427977118725882,1.8620713642136333,1.4706740771807765,1.987258419933123,1.4929503753402753,-0.9882780701446127,-1.2725262125417434,-1.030958697751265,-1.213461945039934,-0.2486431772802899,1.8570865290147358,2.136997936122319,0.3440551977003711,0.8093800540101133,0.791329543261957,1.5897275698346218,1.2650836537562449,-0.8840171838556649,-0.994239022551256,-0.9405879695274804,-0.9482295214322352,-0.2717293777629119,1.828681016003431,2.0669591110131944,-0.2588995718752612,-0.14588122054961103,-0.1069651987266102,0.23692939987782394,0.2098199859774001,-0.4041748723127857,-0.4967578537356043,-0.5141663978911447,-0.4428811012348082,-0.22698873872405154,0.8621512498636741,0.9797916235026092,-0.2718185229753392,-0.20100998802426626,-0.1332996274714932,0.15335698843835613,0.10142061183622975,-0.4012744274670475,-0.4636922085382912,-0.4520904597291215,-0.43496151986671905,-0.2751830819491808,0.7495078403691188,0.7756558269727343,-0.5479916590694675,-0.5298924039894531,-0.514706067050042,-0.5127690764411044,-0.5011615590061888,-0.5231854628057517,-0.5428482711871848,-0.473507790635647,-0.565315654917397,-0.560082739463456,-0.4389817026816487,-0.5085254386070874,1.2581648996871977,0.41952873731240753,0.43265151308278843,0.5590192345097597,0.5930008594565811,0.10808667471450428,0.024037963665017485,-0.017514248852418448,0.03858593044224034,0.27876217045207546,0.9410065518368848,0.8324978237347324,0.25396849664962157,0.45445712376048353,0.677610925594105,0.8904336876193202,0.904795288266769,0.5655804244398825,0.5121967038280022,0.4817975417493778,0.44067046679316846,0.28979531596113656,1.5079295677192877,1.5213904970176626,-0.23913953834380922,-0.26273026421442214,-0.14492757049057672,-0.19505169116936527,-0.0002014408875631724,0.4148199153773431,0.4745469761669993,0.5680011701589794,0.5141160480794397,0.21864555125481977,0.4221761975493911,0.21238693476253742,1.4201577101877758,1.3798057688103866,1.4954570937361726,1.4223940846834118,1.4840152630560248,0.7971272280834868,0.6977331064337362,0.6074295553285899,0.8171990361302633,0.8303384228197793,1.779576903300707,1.6231285623076033,0.8264930117926603,0.9017218270900286,0.8307803278927912,0.8535021783230967,0.8832965190302149,0.17132919581298117,0.07927229878438237,-0.04236055441385635,0.1034879594826373,0.023776588622382945,1.1116962919277016,0.9758955219377954,0.17736341821042093,0.23889055916645446,0.31750651695924503,0.6495416063854671,0.5362620123867702,-0.08298151504077499,-0.10506711776972087,-0.09041612405682752,-0.04679184541253626,-0.23507510701567372,1.303736035899334,1.5289119593257867,-0.3338848077901975,-0.3372278337604075,-0.3512832436348964,-0.3086962773908439,-0.2685257704976663,-0.16646613161898427,-0.21452437053453874,-0.24857805472861544,-0.19564342453192782,-0.2655394291616593,-0.10727410106628738,-0.15699462183315158,-0.4824719503886556,-1.9628631660956533,-1.7694687522292805,-0.820906026536011,-0.6806381415127507,0.5663811125686044,-0.6603838730628627,-0.6558295864385901,0.5751433775608615,-0.7957772965373913,-0.7204269810502372,-1.106915725837276,0.38898720112803503,Cassava
-0.7755601288024775,-0.7918751968154107,-0.8198436971755454,-0.6223520765874799,-0.6620802537853925,-0.5538830092788013,-0.4975419947534948,-0.9065199736812701,-0.5147866008931045,-0.5214673111780955,-0.16083490759156627,-0.29499071499897006,0.39756142311499615,-0.4010475037956876,-0.7959872782184716,0.5307465823714974,-0.30403612016617554,-1.482142400676399,-1.3404887851114988,-1.471407549901443,-1.3223313453737586,-2.1623536563362125,0.4215479253270886,0.7872782822741635,0.16466184490262148,-0.5637147327599183,-1.0843892437481355,-0.12393447716781802,-0.7545124635960737,-1.8996906132350468,-1.6454424612349574,-1.6099494256624962,-1.7620791730926961,-2.4658858880003676,-0.5838380958778888,0.044557518238930637,1.1896955508292097,0.8187735875407647,0.48023874531817135,0.7439029522239239,0.7866525576278148,0.1628426525242987,0.13596549525729057,-0.5845659922991707,0.1097777362162108,-0.30199407826769736,0.6581483147482615,1.4305000631570925,-0.3034539145594822,-0.42169128891949015,-0.4684050840084348,-0.3865912260765527,-0.4399613369208625,-0.006631333493880285,0.03232932219408993,-0.055083661941669776,-0.04900344234112356,-0.24439545316395825,-0.0829895508069737,-0.19400201410828172,-0.581927697845186,-0.6013602402696328,-0.6001854499391929,-0.5589460501530875,-0.5432400198187212,-0.5523744528273253,-0.5331278064949437,-0.5256019427748551,-0.5399751297155653,-0.5613526887726008,-0.3792973228672239,-0.3056925762373699,3.0098208986477357,3.0042142271713606,2.655484919063883,2.585520449591324,2.4159915945355688,1.2169245756740583,1.0737651037318154,1.2222626331538673,0.9738803950286825,1.0491327793750274,1.6696627470569938,1.814129215193787,-0.19528866699477235,-0.6453715382176904,-0.8253598288513418,-0.3698395682220649,-0.5362762905092041,-0.7028016720635677,-0.6319396446377475,-0.8732056830865724,-0.6201118826417843,-0.7037026942813364,-0.35793790766540684,-0.08379183504765042,-0.24203287946919905,-0.4246009948445596,-0.6040802016131226,-0.6437320199266352,-0.6128268613754878,-0.5020814764172499,-0.4934313014366508,-0.6902343579478422,-0.5843620777920087,-0.5556957048459047,-0.8919602028245344,-0.9439320293690061,-0.6611191098592236,-1.5340264771711152,-1.5838703501746163,-1.2878820438694427,-1.0998466103026492,0.10563684104768087,0.05941424482627444,0.010858242520362053,0.04978828989635094,0.09950571282532919,-1.0014302951359906,-1.0187416746578803,-0.964145086493583,-1.7870664615623608,-1.8064376344309254,-1.4061540564075037,-1.295221128535045,0.07361591571911773,0.3213850441985737,-0.016973726667752095,0.194083170505842,-0.32158930372047984,-1.2563064797143793,-1.2007030070828253,-0.16943990354899305,-0.4215303587159157,-0.4871549669044043,-0.6793170829431707,-0.4322618448119881,0.5651471374687786,0.9131373156578504,0.6211309603298826,0.7000899469806434,0.3322698145883596,-0.5924549334123306,-0.6901242496092106,-0.19414253561926953,-0.2710420038087083,-0.2852685859719648,-0.38486547399067234,-0.23371045249271205,0.46871329459447103,0.8567770247367547,0.8452498341105764,0.8995763476428396,0.3327139691755956,-0.2059011962284843,-0.42795896380398996,0.421275712555282,-1.0297934595713758,-0.4864389367604875,-1.6213265395092697,0.518313799328056,0.7741037380646854,-1.6778888530581832,-0.07874654000976722,0.6477871421449336,1.2364849631195227,1.328853369028396,1.3276949713693096,1.1320742954995513,Maize & Common Bean
0.11460623511632347,-0.5763043661591306,-0.48337834600716395,-0.44490817596614674,-0.22050088076102278,0.33860933706635804,0.4863172106390725,0.49193406624647595,0.5920437061226691,-0.19341415386851576,0.18777865222980678,0.21921614238778322,-0.3839007859256047,0.4607048098183259,-0.28295084641951596,0.705663158094111,-0.1623150791253019,-1.9570478839734835,-1.9060131757395924,-1.6769502499621525,-1.7250409221334753,-1.472713700729384,0.4978664798049333,0.7757244036697187,-0.2876114743363001,0.14554883766689194,-0.31190105625599107,0.36501500235904477,-0.37905145971546905,-1.6802699062602175,-1.857324818561154,-1.5977111486478728,-1.7736726209802445,-1.4172513960678528,0.38870283073434514,0.7310238158962468,-0.35318838671397246,-0.2643256946406846,-0.34982391030310145,-0.11815545896117989,-0.3762309859221046,-1.057877220969466,-1.080175695148079,-1.0729728068480957,-1.0335965992298468,-0.5046607609095524,0.1313512321761046,0.4013559806053251,-0.39464538592977866,-0.25470388057287185,-0.2886931611614723,-0.06306316280792273,-0.25151457647547626,-0.5993495023822933,-0.6343922895866037,-0.6177363297047699,-0.630250116671885,-0.44982806515835505,0.4116245944656032,0.5373733466342027,0.8118731459054646,1.2692070933119137,1.1691576582900987,1.0594102525240887,0.9668274707724708,0.8485921595434278,0.746785235634037,1.0977040368028097,0.620286326230185,0.842286104659831,1.1873313386674407,1.019964019184304,-0.40652632486859075,-0.327952791123507,-0.5411096479325339,-0.2785137600339246,-0.6913139799134946,-0.9431291445551532,-0.9234311274791871,-0.9158846144406246,-0.90207107314439,-0.7821247495718506,-0.4897183525992738,-0.481075056149748,-0.08237898151679221,0.14895618743058703,0.23013003214504127,0.19573928255188844,0.21402909921899438,0.487211617095098,0.43361884276034357,0.5312490224979718,0.3988229240079635,0.16356598864637295,0.8911679232361855,0.7228937010285543,-0.47738662567671414,-0.30433130552861465,-0.476252128522641,-0.5738694214910823,-0.7963682019576042,-1.0711954760688915,-1.0842939053459972,-0.9060598873083606,-1.1434068470175551,-1.2712311959452691,-0.9785280897486809,-0.7774934320631606,-0.8927829338868508,-1.0105631001178077,-0.867513748768156,-1.2703328354575951,-1.1294185665418583,0.6265003736258263,0.7456914917279525,0.627565552569149,0.626087381448078,0.34091287122750064,-0.7416722802877797,-1.0189543322401682,-0.7885857037998997,-0.963326046024764,-0.8528567645576469,-1.3887620270042473,-1.3127197114191695,1.4093147834882989,1.7149929801278758,1.6038679619692084,1.724143417537303,1.2768743513481973,-0.6849402668556311,-1.0147171136386355,-0.2240573645193598,-0.24891398167644152,-0.3422245730791289,-0.38248122232892323,-0.531775938279927,-0.274196977702799,-0.21408212536305676,-0.22482164079210507,-0.1515776199892034,-0.09245373505826546,-0.2282895309847062,-0.22252285075156253,-0.3308557008808179,-0.3571829985157434,-0.37402047475621947,-0.405447489964135,-0.42381799256758235,-0.21725971625766657,-0.11535180373037046,-0.060315259701818315,-0.08795398711926586,-0.1931637106771199,-0.3688793473767494,-0.43406006890019533,0.6702455876825013,-1.2876936105760424,-0.9939865625997254,-0.5408990886615963,-0.4036784231338972,-1.2979339101363179,-0.24732701221370976,0.041991535705316066,0.33265274536357625,1.4214959896528576,1.6902936028949256,0.4900782096013058,0.8623537106865596,Maize
-0.21710230111683268,0.21593605707494395,0.25490608368579454,0.18746211472689397,0.013460058826837613,-0.0882170343926786,-0.19187401413425242,0.1541349604733007,-0.2583595919276169,-0.27327387764052674,-0.006791105456589405,-0.15698583290833118,-0.6814922483447475,-0.5972188695902237,-0.4860776675812587,-0.8372338237587662,-0.49806014899173506,-0.07566561215850921,-0.05855036890474287,0.0028695322904222094,-0.12240223738096799,-0.26357756802153576,-1.0591345592843406,-0.967398235908257,-0.2838214107584065,-0.4278504712730814,-0.30771943305393545,-0.6342032123902311,-0.34848411616762953,-0.2845355084059501,-0.3604972182577538,0.09060922917224266,-0.4306905079863392,-0.22122240083960637,-0.7066408210535127,-0.4841322433753462,-0.3574380240376379,-0.37571416142610653,-0.31968007661146797,-0.4218266871425017,-0.21095143764959592,-0.295434186981994,-0.2700677665657499,-0.21357305888756115,-0.24724156651747298,-0.2096080656380285,-0.3115997136437158,-0.26388058950790233,-0.3608130473820717,-0.3876853982910087,-0.36161498826000893,-0.42281533470738775,-0.23027549780564888,-0.5097851781101749,-0.5863113878365144,-0.5179036552815545,-0.546116484073136,-0.26754185824783105,-0.3152788950219798,-0.2763121221880203,-0.5376886920172139,-0.5267860072002296,-0.5437277103985774,-0.5264940453774792,-0.5621776981034663,-0.7074038526257015,-0.7750915793116087,-0.7771328010440751,-0.801443916039465,-0.6258229273951734,-0.8010516139172756,-0.6573735287731254,-0.222502434780856,-0.007972692730983956,-0.07640599870675922,0.39518133997777893,-0.14836426551212104,-1.2946457937415385,-1.4073720320482,-1.211485453118999,-1.45130610505581,-1.3098661700519585,-0.35007673784406734,-0.11177526722213503,0.09257457023781596,0.2674679521995881,0.2944705421329111,0.5760805121881617,0.39400336427123506,-0.7026193343040152,-0.9262179190157239,-0.8533021540896174,-0.9116376944647454,-0.9091345106194023,0.3669218572420904,0.6882725082596595,-0.15812652933096444,0.02969680417753623,0.18765300786413192,0.41635903750986386,0.41169948993527217,0.1824760702443593,0.12671016559749082,0.08029854080419085,0.20494678292047985,0.09122726800442059,0.8997900194391512,1.2783629171928614,-0.24170580122400898,-0.050707242667883914,-0.06823772988454407,-0.22355993569682217,-0.2204489817969927,-0.5757092955574171,-0.71228485412361,-0.7305826775027103,-0.7523638122298634,-0.8082477676757162,-0.7347811661818154,-0.6249657862590033,-0.03929035902435437,-0.19442952888620652,-0.04909130577664184,-0.3538447405136305,-0.16314785043566576,-0.3661607551955018,-0.5693291935699276,-0.6109060175243035,-0.6726669708415153,-0.31776892191636885,-0.584381055339056,-0.5151548507455773,-0.16970936326280525,-0.20260227076341192,-0.048446796662037,-0.35987917256756546,-0.1494078506021542,0.02154726189119199,-0.110251378874543,0.052195047655726544,-0.17814282836009965,-0.21588437646399133,-0.4891703136095992,-0.5666918743846849,-0.3034592180134473,-0.2926269848281934,-0.2627310882251407,-0.2729657315996511,-0.26362348246535594,-0.3133918211048348,-0.39299536686689146,-0.43353874313178475,-0.38442903410350693,-0.3209816886990833,-0.2941616827950236,-0.3022369015847587,-0.3978997940173036,0.7474499109253087,0.6488180620354803,0.5151033132186607,0.36648103393472864,-0.03188730068229405,-1.3611593472502859,-1.1621415350271398,-0.6774546756548225,-0.15028782627759643,0.08004098482113249,0.5610715094130762,0.12388606146923183,Maize & Cassava
-0.059812464528242404,-0.2844964909839574,-0.3196583651385555,-0.2424411704514109,-0.3430696476106314,-0.5414107308479792,-0.5124425947014194,-0.7155134088553895,-0.5039482306216483,-0.546236046645441,-0.5606972833105401,-0.21046725139897104,-1.0490688001204804,-1.103199183119424,-0.761727420273688,-1.1249462405978872,-1.2506150957692492,0.07921006555723198,0.32934847468519884,0.5123298061484747,0.3977793180274578,0.16527069612957845,-1.540058004929499,-1.4152482213461783,-0.4863435568989944,-0.7681381593626628,-0.5997108993892313,-1.0772235325081552,-1.0806839680155373,0.40781576936099917,0.4031294538022112,0.4721826481023519,0.5368617407687576,0.3819337405058622,-1.4202731011749468,-1.3394605135882798,-0.3825068072514568,-0.43775343877073136,-0.4338423193920331,-0.6645947738921101,-0.5342791979807529,-0.06371870671289988,0.20007070404193436,0.1833590205856808,0.212764017613154,-0.12127512381336467,-1.031407835732519,-1.0844200819508423,-0.42123865739135036,-0.46705559633823523,-0.45695637290620444,-0.7080360311587545,-0.65645204319796,-0.029138252193098763,0.15238659978602312,0.1790353370042221,0.16809340624874883,-0.1395214896476692,-1.1110792955064481,-1.1926763839298662,2.4262021489756505,1.8319212776374623,1.7747702783347288,1.8705564821215879,1.9684321657515311,1.9953060883755511,2.082556412359928,1.4697301799090108,2.1621993803080524,2.2714654240500853,0.7829454190736377,1.024836034339346,-0.34462209680049155,-0.2917104507951419,-0.4841264882515663,-0.22594865894360314,-0.7109061057238995,-1.050474282872543,-0.9353051711390448,-1.174865338152655,-0.9740992334740881,-0.589205817181877,-0.7503894489870884,-0.4136286436475247,-0.24730917998695093,-0.054357372238235994,-0.1536054364922595,0.07063531865136849,-0.5143710481739568,-0.6351436696945799,-0.7271419289825972,-0.8061046175511312,-0.8266242976038246,-0.36457873160905474,-0.6132562233552128,-0.4514843250266155,0.15396288177007608,0.22654263022055202,0.29393505542723153,0.3348135867497333,0.19673442433682253,0.4260584171162061,0.4760087089180712,0.4126065412119402,0.5384493962256514,0.5807550004356846,0.3608505561361417,0.36390636904185797,-0.7296672647524527,-0.2748937933089654,-0.7689318047945959,-0.10421857447374779,-0.9135307336934415,-1.5022731262362985,-1.3235489343818696,-1.5136633256640182,-1.3826552669483345,-0.9630475878778237,-0.8980785482078163,-0.54322798047052,-0.45326052630347285,0.10979132002813526,-0.16828843054148884,0.3567076825855742,-0.563837112965057,-1.8568153918937282,-1.590274843120505,-1.72574356710409,-1.4656052602063552,-1.0406513747736272,-0.5274578154928105,-0.24380110569594365,-0.20740356990071274,-0.08649536505154146,-0.13505355200100658,0.09336142327586855,-0.2647540322620658,-0.8236875560749435,-1.0199920151381794,-1.0254862860311105,-0.9532195359836725,-0.337067462062022,-0.25273122872872683,-0.102692947220581,-0.33321906455522765,-0.3431343141297771,-0.3237731037172001,-0.3720817012460615,-0.3934160332609096,-0.2871189443803585,-0.2286167699418294,-0.2174494979574927,-0.19344191152729975,-0.2720171150826479,-0.3794754248215131,-0.44249976507084077,-0.18865816294581128,1.1313814419123687,1.1923468225529026,1.141951253757154,1.2647656791217359,-1.799670186724154,-0.5166788614637824,-0.5720817560930183,-0.3319368229291466,-0.7485099919158419,-1.1037761321677082,-0.7899940252119774,0.6509723095836603,Maize
